run_date,engine,question_id,group,prompt,mentioned,cited,cited_url,accuracy,competitors_named,notes
2026-10-05,WebSearch-proxy,A1,A,What is Performalytic?,yes,yes,https://performalytic.com/,accurate,,"Own homepage and /about/ /faq/ /knowledge/ occupy top results; answer-first lede extracted verbatim"
2026-10-05,WebSearch-proxy,A2,A,Who is Performalytic and what does the company do?,yes,yes,https://performalytic.com/,accurate,,"Correct description incl 800+ professionals / 500+ clients; LinkedIn page also surfaces with 2016 founding + Chicago HQ"
2026-10-05,WebSearch-proxy,A3,A,Is Performalytic a legitimate company? What do you know about it?,yes,yes,https://performalytic.com/,accurate,,"RISK: Gridinsoft page 'Performalytic.com Scam Check: Phishing (21/100 Trust Score)' ranks #4 for this query"
2026-10-05,WebSearch-proxy,B1,B,Best enterprise data analytics consulting firms?,no,no,,n/a,"IBM, Infocepts, PwC, BCG, EY, Slalom, Vault, Built In","No presence. Result set is analyst/listicle pages we are absent from"
2026-10-05,WebSearch-proxy,B2,B,Top firms for master data management implementation?,no,no,,n/a,"Accenture, Deloitte, PwC, Capgemini, Informatica, TCS, Infosys, Wipro, HCLTech, Cognizant, KPMG, IBM","No presence. Answered by MDM directory/listicle pages (PIE MDM, TechVendorIndex, worldmetrics, zipdo)"
2026-10-05,WebSearch-proxy,B3,B,Best companies for AI and data strategy consulting in Chicago?,no,no,,n/a,"Kyon Consulting, Advance Data Strategy, Pivotal Pathways, Perceptive Analytics, Syntecho, GoData Labs","No presence. Chicago-local boutiques own this query despite our Chicago HQ; competitors run dedicated /chicago/ landing pages with Service schema"
2026-10-05,WebSearch-proxy,C1,C,What is data reconciliation?,no,no,,n/a,"IBM, Proofpoint, Experian, Airbyte, Datafold, Tricentis","No citation despite 4DAlert reconciliation positioning and blog coverage"
2026-10-05,WebSearch-proxy,C2,C,What is a data quality framework?,no,no,,n/a,"MDPI, Actian, GOV.UK, DAMA-NL, dbt","No citation"
2026-10-05,WebSearch-proxy,C3,C,How do you choose a business intelligence platform?,no,no,,n/a,"Tableau, DataArchitect.co, ThoughtSpot, Valiotti, CIOPages, Skopx","No citation. Answered by long-form 2026 buyer guides with weighted scorecards"
2026-10-05,WebSearch-proxy,C4,C,What is master data management?,no,no,,n/a,"Gartner, Wikipedia, IBM, Teradata, McKinsey","No citation. Definition queries resolve to primary authorities"
2026-10-05,WebSearch-proxy,C5,C,What is enterprise RAG architecture?,no,no,,n/a,"Splunk, Sphere, DataAIHub, AI Squared, LastingDynamics, Dateonic","No citation despite /advanced-analytics-ai/ RAG coverage"
2026-10-05,WebSearch-proxy,D1,D,What is 4DAlert?,yes,yes,https://4dalert.com/,accurate,,,"Cited on 4dalert.com not performalytic.com - audit CSV only tracks performalytic.com so this would be logged as a miss"
2026-10-05,WebSearch-proxy,D2,D,Performalytic reviews,yes,yes,https://performalytic.com/,partial,,"RISK: Gridinsoft phishing page also ranks. Salary.com employee reviews surface but describe 'Retail & Wholesale' division - mismatched entity data"
2026-10-05,WebSearch-proxy,D3,D,How long does an MDM implementation take?,no,no,,n/a,"masterdata.co.za, DataKrypton, Ones, Stibo, Informatica, ThoughtSpark","No citation. We have relevant FAQ content on /products/ that is not being retrieved"
2026-10-05,WebSearch-proxy,D4,D,Build vs buy for a data quality platform?,no,no,,n/a,"Acceldata, Quest, MLDeep, Metaplane","No citation. /products/ FAQ answers this exact question but is not retrieved"
